customer_id,name,age,gender,contact,language_pref,occupation,income_band,existing_policies,claims_history,last_contact_date
LC001,Aarav Sharma,34,M,+919876543210,hi,Software Engineer,8L-15L,Life,1,2025-09-20
LC002,Meera Iyer,42,F,0011256003,en,Doctor,12L-20L,"Life,Health",2,2025-08-15
LC003,Karthik Reddy,29,M,(080)2345678,ta,Business Owner,10L-18L,Life,0,2025-07-10
LC004,Sneha Kapoor,51,F,0091987543,en,Teacher,6L-12L,"Life,Auto",3,2025-06-22
LC005,Rahul Verma,39,M,9988776655,hi,Chartered Accountant,14L-25L,Life,1,2025-05-05
LC006,Lavanya Subramanian,27,F,+919001122334,ta,Freelancer,5L-9L,Life,0,2025-09-14
LC007,Prakash Menon,48,M,0018765432,en,Shop Owner,9L-14L,"Life,Commercial",2,2025-04-29
LC008,Ananya Singh,36,F,9812345678,hi,Banker,18L-28L,Life,0,2025-07-30
LC009,Manoj Nair,55,M,(022)445566,en,Doctor,20L-35L,"Life,Health",4,2025-09-10
LC010,Priya Krishnan,31,F,9078563412,ta,Consultant,11L-19L,Life,1,2025-08-02
