doc_id,title,text,tags,language
LK001,Life Policy Basics,Life insurance provides financial protection to your family in case of death of the policyholder.,"faq,life",en
LK002,Premium Payment Rules,Premiums can be paid monthly, quarterly, half-yearly, or annually depending on the plan.,"faq,life",hi
LK003,Life Policy Riders,Riders like accidental death cover, critical illness, and disability cover can be added to enhance protection.,"coverage,life",en
LK004,Claim Filing Process,Claims must be submitted with death certificate, policy documents, and ID proof of nominee.,"faq,life",ta
LK005,Maturity Benefits,Endowment life policies provide a lump sum at maturity if the policyholder survives the term.,"faq,life",en
LK006,Exclusions in Life Insurance,Suicide within 1 year of policy issuance and death due to illegal activities are excluded.,"exclusions,life",hi
LK007,Tax Benefits,Premiums paid towards life insurance are eligible for tax deductions under Section 80C.,"faq,life",en
LK008,Nominee Information,A nominee must be registered to ensure smooth claim settlement after the policyholder’s death.,"faq,life",ta
