product_id,name,category,key_features,eligibility_rules,price_band,exclusions,recommended_for_segments
LP001,Smart Life Protect,Life,"High coverage, flexible premiums, family protection.","Age 18-60, Medical checkup above 45",10k-50k,"Suicide within 1 year",Young professionals
LP002,Wealth Plus Endowment,Life,"Guaranteed maturity benefit, savings + insurance.","Age 21-55, Minimum policy term 10 years",25k-80k,"Policy lapse on non-payment",Mid-income families
LP003,Future Secure ULIP,Life,"Investment + insurance, market-linked returns.","Age 18-50, Regular premium required",20k-70k,"Market risk applies",Investors
LP004,Senior Life Care,Life,"Low premium, quick claim settlement, no medical for small cover.","Age 50-70",5k-20k,"Pre-existing illness not covered",Senior citizens
LP005,Child Education Plan,Life,"Funds child’s education with insurance cover for parent.","Parent 25-50, Child <15 years",15k-60k,"Early withdrawal penalty",Young parents
LP006,Critical Illness Life Rider,Life,"Additional payout on diagnosis of major diseases.","Available with base life plan",8k-30k,"Pre-existing diseases excluded",Health-conscious buyers
