customer_id,risk_segment,score,drivers,last_updated
LC001,Low,25,"Stable income, healthy lifestyle",2025-09-25
LC002,Medium,48,"Age factor, moderate health issues",2025-09-25
LC003,Low,32,"Young professional, low claims history",2025-09-25
LC004,High,75,"Older age, multiple claims",2025-09-25
LC005,Medium,56,"High stress occupation, moderate claims",2025-09-25
LC006,Low,22,"Freelancer, no claims",2025-09-25
LC007,Medium,41,"Small business risks, past claims",2025-09-25
LC008,Low,29,"Good health, no claims",2025-09-25
LC009,High,82,"Senior age, multiple health issues",2025-09-25
LC010,Low,35,"Stable employment, healthy lifestyle",2025-09-25
