customer_id,source,timestamp,signal_type,parsed_entities
LC001,LinkedIn,2025-08-05,job_change,Promoted to Senior Software Engineer
LC002,Instagram,2025-07-14,life_event,Bought a new house in Bangalore
LC003,Twitter,2025-06-20,lifestyle_update,Started a fitness program
LC004,LinkedIn,2025-09-01,retirement,Planning early retirement options
LC005,Facebook,2025-05-18,purchase,Bought luxury car
LC006,Instagram,2025-08-11,life_event,Got married recently
LC007,Twitter,2025-09-10,business_update,Expanded retail shop
LC008,Facebook,2025-07-25,lifestyle_update,Opened new savings account
LC009,LinkedIn,2025-09-22,health_update,Diagnosed with diabetes
LC010,Instagram,2025-06-30,life_event,Became a parent
